DROP DATABASE IF EXISTS abc;
CREATE DATABASE abc;

USE abc;

CREATE TABLE CUSTOMER (
CUS_CODE int PRIMARY KEY,
CUS_LNAME varchar(15),
CUS_FNAME varchar(15),
CUS_INITIAL varchar(1),
CUS_AREACODE varchar(3),
CUS_PHONE varchar(8),
CUS_CREDITLIMIT float(8),
CUS_BALANCE float(8),
CUS_DATELSTPMT datetime,
CUS_DATELSTPUR datetime
) ENGINE=INNODB;
INSERT INTO CUSTOMER VALUES('10010','Ramas','Alfred','A','615','844-2573',NULL,'0',NULL,NULL);
INSERT INTO CUSTOMER VALUES('10011','Dunne','Leona','K','713','894-1238',NULL,'0',NULL,NULL);
INSERT INTO CUSTOMER VALUES('10012','Smith','Kathy','W','615','894-2285',NULL,'345.86',NULL,NULL);
INSERT INTO CUSTOMER VALUES('10013','Olowski','Paul','F','615','894-2180',NULL,'536.75',NULL,NULL);
INSERT INTO CUSTOMER VALUES('10014','Orlando','Myron',NULL,'615','222-1672',NULL,'0',NULL,NULL);
INSERT INTO CUSTOMER VALUES('10015','O''Brian','Amy','B','713','442-3381',NULL,'0',NULL,NULL);
INSERT INTO CUSTOMER VALUES('10016','Brown','James','G','615','297-1228',NULL,'221.19',NULL,NULL);
INSERT INTO CUSTOMER VALUES('10017','Williams','George','','615','290-2556',NULL,'768.93',NULL,NULL);
INSERT INTO CUSTOMER VALUES('10018','Farriss','Anne','G','713','382-7185',NULL,'216.55',NULL,NULL);
INSERT INTO CUSTOMER VALUES('10019','Smith','Olette','K','615','297-3809',NULL,'0',NULL,NULL);

/* -- */

CREATE TABLE VENDOR (
V_CODE int PRIMARY KEY,
V_NAME varchar(15),
V_CONTACT varchar(50),
V_AREACODE varchar(3),
V_PHONE varchar(8),
V_STATE varchar(2),
V_ORDER varchar(1)
) ENGINE=INNODB;
INSERT INTO VENDOR VALUES('21225','Bryson, Inc.','Smithson','615','223-3234','TN','Y');
INSERT INTO VENDOR VALUES('21226','SuperLoo, Inc.','Flushing','904','215-8995','FL','N');
INSERT INTO VENDOR VALUES('21231','D&E Supply','Singh','615','228-3245','TN','Y');
INSERT INTO VENDOR VALUES('21344','Gomez Bros.','Ortega','615','889-2546','KY','N');
INSERT INTO VENDOR VALUES('22567','Dome Supply','Smith','901','678-1419','GA','N');
INSERT INTO VENDOR VALUES('23119','Randsets Ltd.','Anderson','901','678-3998','GA','Y');
INSERT INTO VENDOR VALUES('24004','Brackman Bros.','Browning','615','228-1410','TN','N');
INSERT INTO VENDOR VALUES('24288','ORDVA, Inc.','Hakford','615','898-1234','TN','Y');
INSERT INTO VENDOR VALUES('25443','B&K, Inc.','Smith','904','227-0093','FL','N');
INSERT INTO VENDOR VALUES('25501','Damal Supplies','Smythe','615','890-3529','TN','N');
INSERT INTO VENDOR VALUES('25595','Rubicon Sis.','Orton','904','456-0092','FL','Y');

/* -- */

CREATE TABLE PRODUCT (
P_CODE varchar(10) PRIMARY KEY,
P_DESCRIPT varchar(35),
P_INDATE datetime,
P_QTYOH int,
P_MIN int,
P_PRICE float(8),
P_DISCOUNT float(8),
V_CODE int,
FOREIGN KEY(V_CODE) REFERENCES VENDOR(V_CODE)
) ENGINE=INNODB;
INSERT INTO PRODUCT VALUES('11QER/31','Power painter, 15 psi., 3-nozzle', '2016-01-02', '8', '5', '110.00', '0', '25595');
INSERT INTO PRODUCT VALUES('13-Q2/P2','7.25-in. pwr. saw blade', '2016-01-12', '32', '15', '14.99', '0.05', '21344');
INSERT INTO PRODUCT VALUES('14-Q1/L3','9.00-in. pwr. saw blade','2016-02-12', '18', '12', '17.49', '0', '21344');
INSERT INTO PRODUCT VALUES('1546-QQ2','Hrd. cloth, 1/4-in., 2x50', '2016-01-14', '15', '8', '39.95', '0', '23119');
INSERT INTO PRODUCT VALUES('1558-QW1','Hrd. cloth, 1/2-in., 3x50', '2015-08-14', '23', '5', '43.99', '0', '23119');
INSERT INTO PRODUCT VALUES('2232/QTY','B&D jigsaw, 12-in. blade', '2016-02-28', '8', '5', '109.92', '0.05', '24288');
INSERT INTO PRODUCT VALUES('2232/QWE','B&D jigsaw, 8-in. blade', '2016-01-23', '6', '5', '99.87', '0.05', '24288');
INSERT INTO PRODUCT VALUES('2238/QPD', 'B&D cordless drill, 1/2-in.', '2015-12-19', '12', '5', '38.95', '0.05', '25595');
INSERT INTO PRODUCT VALUES('23109-HB', 'Claw hammer', '2016-02-19', '23', '10', '9.95', '0.1', '21225');
INSERT INTO PRODUCT VALUES('23114-AA','Sledge hammer, 12 lb.','2015-11-01','8','5','14.40','0.05',NULL);
INSERT INTO PRODUCT VALUES('54778-2T','Rat-tail file, 1/8-in. fine', '2016-01-14', '43', '20', '4.99', '0', '21344');
INSERT INTO PRODUCT VALUES('89-WRE-Q','Hicut chain saw, 16 in.', '2015-11-06', '11', '5', '256.99', '0.05', '24288');
INSERT INTO PRODUCT VALUES('PVC23DRT','PVC pipe, 3.5-in., 8-ft', '2016-02-19', '188', '75', '5.87', '0', NULL);
INSERT INTO PRODUCT VALUES('SM-18277','1.25-in. metal screw, 25', '2016-02-28', '172', '75', '6.99', '0', '21225');
INSERT INTO PRODUCT VALUES('SW-23116','2.5-in. wd. screw, 50', '2016-01-23', '237', '100', '8.45', '0', '21231');
INSERT INTO PRODUCT VALUES('WR3/TT3','Steel matting, 4''x8''x1/6", .5" mesh', '2016-02-16', '18', '5', '119.95', '0.1', '25595');

/* -- */

CREATE TABLE INVOICE (
INV_NUMBER int PRIMARY KEY,
CUS_CODE int,
INV_DATE datetime,
INV_TOTAL float(8),
INV_TERMS varchar(50),
INV_STATUS varchar(50),
FOREIGN KEY(CUS_CODE) REFERENCES CUSTOMER(CUS_CODE)
) ENGINE=INNODB;
INSERT INTO INVOICE VALUES('1001','10014','2017-03-18','24.94','CASH','PAID');
INSERT INTO INVOICE VALUES('1002','10011','2017-03-18','9.98','CASH','PAID');
INSERT INTO INVOICE VALUES('1003','10012','2017-03-18','153.85','CASH','PAID');
INSERT INTO INVOICE VALUES('1004','10011','2017-03-19','34.87','CASH','PAID');
INSERT INTO INVOICE VALUES('1005','10018','2017-03-19','70.44','CASH','PAID');
INSERT INTO INVOICE VALUES('1006','10014','2017-03-19','397.83','CASH','PAID');
INSERT INTO INVOICE VALUES('1007','10015','2017-03-19','34.97','CASH','PAID');
INSERT INTO INVOICE VALUES('1008','10011','2017-03-19','399.15','CASH','PAID');

/* -- */

CREATE TABLE LINE (
INV_NUMBER int,
LINE_NUMBER int,
P_CODE varchar(10),
LINE_UNITS float(8),
LINE_PRICE float(8),
PRIMARY KEY (INV_NUMBER, LINE_NUMBER),
FOREIGN KEY (INV_NUMBER) REFERENCES INVOICE(INV_NUMBER),
FOREIGN KEY (P_CODE) REFERENCES PRODUCT(P_CODE)
) ENGINE=INNODB;
INSERT INTO LINE VALUES('1001','1','13-Q2/P2','1','14.99');
INSERT INTO LINE VALUES('1001','2','23109-HB','1','9.95');
INSERT INTO LINE VALUES('1002','1','54778-2T','2','4.99');
INSERT INTO LINE VALUES('1003','1','2238/QPD','1','38.95');
INSERT INTO LINE VALUES('1003','2','1546-QQ2','1','39.95');
INSERT INTO LINE VALUES('1003','3','13-Q2/P2','5','14.99');
INSERT INTO LINE VALUES('1004','1','54778-2T','3','4.99');
INSERT INTO LINE VALUES('1004','2','23109-HB','2','9.95');
INSERT INTO LINE VALUES('1005','1','PVC23DRT','12','5.87');
INSERT INTO LINE VALUES('1006','1','SM-18277','3','6.99');
INSERT INTO LINE VALUES('1006','2','2232/QTY','1','109.92');
INSERT INTO LINE VALUES('1006','3','23109-HB','1','9.95');
INSERT INTO LINE VALUES('1006','4','89-WRE-Q','1','256.99');
INSERT INTO LINE VALUES('1007','1','13-Q2/P2','2','14.99');
INSERT INTO LINE VALUES('1007','2','54778-2T','1','4.99');
INSERT INTO LINE VALUES('1008','1','PVC23DRT','5','5.87');
INSERT INTO LINE VALUES('1008','2','WR3/TT3','3','119.95');
INSERT INTO LINE VALUES('1008','3','23109-HB','1','9.95');
